MCC,MNC,LAC,CI,Timestamp,Latitude,Longitude,HorizontalAccuracy,Altitude,VerticalAccuracy,Speed,Course,Confidence,Timestamp (GMT/UTC),Timestamp (EDT)
310,410,7985,160043533,361306881.8,38.87767624,-77.11546951,3962,0,-1,-1,-1,70,"Wednesday, June 13, 2012 7:01:21 PM","Wednesday, June 13, 2012 3:01:21 PM GMT-04:00"
310,410,7985,158138900,361306881.8,38.8778367,-77.11447036,2243,0,-1,-1,-1,60,"Wednesday, June 13, 2012 7:01:21 PM","Wednesday, June 13, 2012 3:01:21 PM GMT-04:00"
310,410,7985,160093723,361306881.8,38.87595677,-77.11500936,2436,0,-1,-1,-1,60,"Wednesday, June 13, 2012 7:01:21 PM","Wednesday, June 13, 2012 3:01:21 PM GMT-04:00"
310,410,7988,193465818,361306881.8,38.87869298,-77.11703056,1718,0,-1,-1,-1,50,"Wednesday, June 13, 2012 7:01:21 PM","Wednesday, June 13, 2012 3:01:21 PM GMT-04:00"
310,410,7985,160381399,361306881.8,38.87763071,-77.1184743,2144,0,-1,-1,-1,60,"Wednesday, June 13, 2012 7:01:21 PM","Wednesday, June 13, 2012 3:01:21 PM GMT-04:00"
310,410,7985,158442034,361306881.8,38.87531292,-77.11478477,1532,0,-1,-1,-1,50,"Wednesday, June 13, 2012 7:01:21 PM","Wednesday, June 13, 2012 3:01:21 PM GMT-04:00"
310,410,7985,194233901,361306881.8,38.87516754,-77.11518323,1900,0,-1,-1,-1,50,"Wednesday, June 13, 2012 7:01:21 PM","Wednesday, June 13, 2012 3:01:21 PM GMT-04:00"
310,410,7985,193781548,361306881.8,38.87724441,-77.11911594,2166,0,-1,-1,-1,50,"Wednesday, June 13, 2012 7:01:21 PM","Wednesday, June 13, 2012 3:01:21 PM GMT-04:00"
310,410,7985,160395633,361306881.8,38.87675511,-77.11932128,1976,0,-1,-1,-1,60,"Wednesday, June 13, 2012 7:01:21 PM","Wednesday, June 13, 2012 3:01:21 PM GMT-04:00"
310,410,7985,158459194,361306881.8,38.87981969,-77.11490958,1414,0,-1,-1,-1,50,"Wednesday, June 13, 2012 7:01:21 PM","Wednesday, June 13, 2012 3:01:21 PM GMT-04:00"
310,410,7985,158439149,361306881.8,38.87981969,-77.11478477,1414,0,-1,-1,-1,50,"Wednesday, June 13, 2012 7:01:21 PM","Wednesday, June 13, 2012 3:01:21 PM GMT-04:00"
310,410,7985,160395640,361306881.8,38.87493735,-77.11815351,2395,0,-1,-1,-1,50,"Wednesday, June 13, 2012 7:01:21 PM","Wednesday, June 13, 2012 3:01:21 PM GMT-04:00"
310,410,7985,160050726,361306881.8,38.87531292,-77.11341238,2118,0,-1,-1,-1,50,"Wednesday, June 13, 2012 7:01:21 PM","Wednesday, June 13, 2012 3:01:21 PM GMT-04:00"
310,410,7985,160375173,361306881.8,38.87818086,-77.11958265,1465,0,-1,-1,-1,50,"Wednesday, June 13, 2012 7:01:21 PM","Wednesday, June 13, 2012 3:01:21 PM GMT-04:00"
310,410,7985,193959431,361306881.8,38.87441158,-77.11770433,1686,0,-1,-1,-1,50,"Wednesday, June 13, 2012 7:01:21 PM","Wednesday, June 13, 2012 3:01:21 PM GMT-04:00"
310,410,7985,158149432,361306881.8,38.87441158,-77.11411106,1686,0,-1,-1,-1,50,"Wednesday, June 13, 2012 7:01:21 PM","Wednesday, June 13, 2012 3:01:21 PM GMT-04:00"
310,410,7985,159994310,361306881.8,38.87402528,-77.11654937,2520,0,-1,-1,-1,50,"Wednesday, June 13, 2012 7:01:21 PM","Wednesday, June 13, 2012 3:01:21 PM GMT-04:00"
310,410,7985,194183751,361306881.8,38.87582403,-77.1198436,3231,0,-1,-1,-1,60,"Wednesday, June 13, 2012 7:01:21 PM","Wednesday, June 13, 2012 3:01:21 PM GMT-04:00"
310,410,7985,158191099,361306881.8,38.87981969,-77.11341238,1414,0,-1,-1,-1,50,"Wednesday, June 13, 2012 7:01:21 PM","Wednesday, June 13, 2012 3:01:21 PM GMT-04:00"
310,410,7985,193841755,361306881.8,38.87441158,-77.11381161,2538,0,-1,-1,-1,50,"Wednesday, June 13, 2012 7:01:21 PM","Wednesday, June 13, 2012 3:01:21 PM GMT-04:00"
310,410,7985,160565013,361306881.8,38.87756633,-77.12039929,2986,0,-1,-1,-1,50,"Wednesday, June 13, 2012 7:01:21 PM","Wednesday, June 13, 2012 3:01:21 PM GMT-04:00"
310,410,7985,160490739,361306881.8,38.87493735,-77.1192764,2407,0,-1,-1,-1,50,"Wednesday, June 13, 2012 7:01:21 PM","Wednesday, June 13, 2012 3:01:21 PM GMT-04:00"
310,410,7985,158531733,361306881.8,38.88061499,-77.11643612,2892,0,-1,-1,-1,60,"Wednesday, June 13, 2012 7:01:21 PM","Wednesday, June 13, 2012 3:01:21 PM GMT-04:00"
310,410,7985,193792084,361306881.8,38.87981969,-77.1130014,1414,0,-1,-1,-1,50,"Wednesday, June 13, 2012 7:01:21 PM","Wednesday, June 13, 2012 3:01:21 PM GMT-04:00"
310,410,7985,193490997,361306881.8,38.87606406,-77.12039929,1869,0,-1,-1,-1,50,"Wednesday, June 13, 2012 7:01:21 PM","Wednesday, June 13, 2012 3:01:21 PM GMT-04:00"
310,410,7985,160372251,361306881.8,38.88079708,-77.11650294,2015,0,-1,-1,-1,60,"Wednesday, June 13, 2012 7:01:21 PM","Wednesday, June 13, 2012 3:01:21 PM GMT-04:00"
310,410,7985,194191615,361306881.8,38.87438052,-77.11311984,4099,0,-1,-1,-1,60,"Wednesday, June 13, 2012 7:01:21 PM","Wednesday, June 13, 2012 3:01:21 PM GMT-04:00"
310,410,7985,159936169,361306881.8,38.87358975,-77.11445456,2353,0,-1,-1,-1,60,"Wednesday, June 13, 2012 7:01:21 PM","Wednesday, June 13, 2012 3:01:21 PM GMT-04:00"
310,410,7985,158479841,361306881.8,38.87981969,-77.11231446,1414,0,-1,-1,-1,50,"Wednesday, June 13, 2012 7:01:21 PM","Wednesday, June 13, 2012 3:01:21 PM GMT-04:00"
310,410,7988,159122612,361306881.8,38.87812966,-77.11113542,5535,0,-1,-1,-1,50,"Wednesday, June 13, 2012 7:01:21 PM","Wednesday, June 13, 2012 3:01:21 PM GMT-04:00"
310,410,7985,193337742,361306881.8,38.88027036,-77.11276358,1819,0,-1,-1,-1,50,"Wednesday, June 13, 2012 7:01:21 PM","Wednesday, June 13, 2012 3:01:21 PM GMT-04:00"
310,410,7985,160614382,361306881.8,38.88110733,-77.11783266,3152,0,-1,-1,-1,50,"Wednesday, June 13, 2012 7:01:21 PM","Wednesday, June 13, 2012 3:01:21 PM GMT-04:00"
310,410,7985,193491849,361306881.8,38.87367409,-77.11345773,2421,0,-1,-1,-1,50,"Wednesday, June 13, 2012 7:01:21 PM","Wednesday, June 13, 2012 3:01:21 PM GMT-04:00"
310,410,7985,194277868,361306881.8,38.8814103,-77.11617189,4620,0,-1,-1,-1,50,"Wednesday, June 13, 2012 7:01:21 PM","Wednesday, June 13, 2012 3:01:21 PM GMT-04:00"
310,410,7971,158474599,361306881.8,38.87981969,-77.12039929,1414,0,-1,-1,-1,50,"Wednesday, June 13, 2012 7:01:21 PM","Wednesday, June 13, 2012 3:01:21 PM GMT-04:00"
310,410,7985,158401165,361306881.8,38.87981969,-77.12039929,1439,0,-1,-1,-1,50,"Wednesday, June 13, 2012 7:01:21 PM","Wednesday, June 13, 2012 3:01:21 PM GMT-04:00"
310,410,7985,194183757,361306881.8,38.87351024,-77.11306303,3113,0,-1,-1,-1,70,"Wednesday, June 13, 2012 7:01:21 PM","Wednesday, June 13, 2012 3:01:21 PM GMT-04:00"
310,410,7985,186850227,361306881.8,38.87981969,-77.1114161,1414,0,-1,-1,-1,50,"Wednesday, June 13, 2012 7:01:21 PM","Wednesday, June 13, 2012 3:01:21 PM GMT-04:00"
310,410,7997,158494506,361306881.8,38.87981969,-77.1114161,1414,0,-1,-1,-1,70,"Wednesday, June 13, 2012 7:01:21 PM","Wednesday, June 13, 2012 3:01:21 PM GMT-04:00"
310,410,7985,186852236,361306881.8,38.87981969,-77.1114161,1414,0,-1,-1,-1,50,"Wednesday, June 13, 2012 7:01:21 PM","Wednesday, June 13, 2012 3:01:21 PM GMT-04:00"
310,410,7985,18573,361306881.8,38.87981969,-77.1114161,1414,0,-1,-1,-1,50,"Wednesday, June 13, 2012 7:01:21 PM","Wednesday, June 13, 2012 3:01:21 PM GMT-04:00"
310,410,7985,159986880,362938763.5,38.88092339,-77.11709934,2185,0,-1,-1,-1,50,"Monday, July 2, 2012 4:19:23 PM","Monday, July 2, 2012 12:19:23 PM GMT-04:00"
310,410,7985,158339570,362938763.5,38.87666493,-77.11321276,2129,0,-1,-1,-1,50,"Monday, July 2, 2012 4:19:23 PM","Monday, July 2, 2012 12:19:23 PM GMT-04:00"
310,410,7985,160633224,362938763.5,38.87853205,-77.11056059,2532,0,-1,-1,-1,50,"Monday, July 2, 2012 4:19:23 PM","Monday, July 2, 2012 12:19:23 PM GMT-04:00"
310,410,7985,160424085,362938763.5,38.88137972,-77.11754882,2069,0,-1,-1,-1,70,"Monday, July 2, 2012 4:19:23 PM","Monday, July 2, 2012 12:19:23 PM GMT-04:00"
310,410,7985,158224509,362938763.5,38.88175117,-77.11077445,2013,0,-1,-1,-1,50,"Monday, July 2, 2012 4:19:23 PM","Monday, July 2, 2012 12:19:23 PM GMT-04:00"
310,410,7985,158484627,362938763.5,38.88240307,-77.11157584,1414,0,-1,-1,-1,70,"Monday, July 2, 2012 4:19:23 PM","Monday, July 2, 2012 12:19:23 PM GMT-04:00"
310,410,7985,158484624,362938763.5,38.88239771,-77.11155992,1414,0,-1,-1,-1,70,"Monday, July 2, 2012 4:19:23 PM","Monday, July 2, 2012 12:19:23 PM GMT-04:00"
310,410,7985,158494500,363198766.1,38.87948584,-77.11460208,1842,0,-1,-1,-1,70,"Thursday, July 5, 2012 4:32:46 PM","Thursday, July 5, 2012 12:32:46 PM GMT-04:00"
310,410,7985,28455,363198766.1,38.87981969,-77.11441051,1414,0,-1,-1,-1,50,"Thursday, July 5, 2012 4:32:46 PM","Thursday, July 5, 2012 12:32:46 PM GMT-04:00"
310,410,7985,194212637,363198766.1,38.88008677,-77.11494284,4985,0,-1,-1,-1,70,"Thursday, July 5, 2012 4:32:46 PM","Thursday, July 5, 2012 12:32:46 PM GMT-04:00"
310,410,7985,193795897,363198766.1,38.87891834,-77.11411106,2131,0,-1,-1,-1,60,"Thursday, July 5, 2012 4:32:46 PM","Thursday, July 5, 2012 12:32:46 PM GMT-04:00"
310,410,7985,194052277,363198766.1,38.87981969,-77.11540865,1414,0,-1,-1,-1,50,"Thursday, July 5, 2012 4:32:46 PM","Thursday, July 5, 2012 12:32:46 PM GMT-04:00"
310,410,7985,158518120,363198766.1,38.87872457,-77.11455041,1533,0,-1,-1,-1,70,"Thursday, July 5, 2012 4:32:46 PM","Thursday, July 5, 2012 12:32:46 PM GMT-04:00"
310,410,7985,193490946,363198766.1,38.88027036,-77.11456024,2141,0,-1,-1,-1,50,"Thursday, July 5, 2012 4:32:46 PM","Thursday, July 5, 2012 12:32:46 PM GMT-04:00"
310,410,7985,158522960,363198766.1,38.88034933,-77.11512058,7318,0,-1,-1,-1,70,"Thursday, July 5, 2012 4:32:46 PM","Thursday, July 5, 2012 12:32:46 PM GMT-04:00"
310,410,7985,158388528,363198766.1,38.87917584,-77.11334109,1414,0,-1,-1,-1,50,"Thursday, July 5, 2012 4:32:46 PM","Thursday, July 5, 2012 12:32:46 PM GMT-04:00"
310,410,7985,28452,363198766.1,38.87981969,-77.11590772,1414,0,-1,-1,-1,50,"Thursday, July 5, 2012 4:32:46 PM","Thursday, July 5, 2012 12:32:46 PM GMT-04:00"
310,410,7985,158389777,363198766.1,38.87873804,-77.11357206,2115,0,-1,-1,-1,60,"Thursday, July 5, 2012 4:32:46 PM","Thursday, July 5, 2012 12:32:46 PM GMT-04:00"
310,410,7985,158474600,363198766.1,38.87852942,-77.11539423,4905,0,-1,-1,-1,70,"Thursday, July 5, 2012 4:32:46 PM","Thursday, July 5, 2012 12:32:46 PM GMT-04:00"
310,410,7985,56912,363198766.1,38.87881821,-77.11341238,1414,0,-1,-1,-1,50,"Thursday, July 5, 2012 4:32:46 PM","Thursday, July 5, 2012 12:32:46 PM GMT-04:00"
310,410,10019,8552,363198766.1,38.87838572,-77.11555504,1414,0,-1,-1,-1,70,"Thursday, July 5, 2012 4:32:46 PM","Thursday, July 5, 2012 12:32:46 PM GMT-04:00"
310,410,7985,193819515,363198766.1,38.88063913,-77.11549937,2074,0,-1,-1,-1,50,"Thursday, July 5, 2012 4:32:46 PM","Thursday, July 5, 2012 12:32:46 PM GMT-04:00"
310,410,7985,193795893,363198766.1,38.8790003,-77.11631602,2644,0,-1,-1,-1,50,"Thursday, July 5, 2012 4:32:46 PM","Thursday, July 5, 2012 12:32:46 PM GMT-04:00"
310,410,7985,160078020,363198766.1,38.87835806,-77.11311566,2151,0,-1,-1,-1,60,"Thursday, July 5, 2012 4:32:46 PM","Thursday, July 5, 2012 12:32:46 PM GMT-04:00"
310,410,7985,158404194,363198766.1,38.88082122,-77.11341238,1726,0,-1,-1,-1,50,"Thursday, July 5, 2012 4:32:46 PM","Thursday, July 5, 2012 12:32:46 PM GMT-04:00"
310,410,7985,159994178,363198766.1,38.88072103,-77.11321276,1844,0,-1,-1,-1,50,"Thursday, July 5, 2012 4:32:46 PM","Thursday, July 5, 2012 12:32:46 PM GMT-04:00"
310,410,7985,158167553,363198766.1,38.87773966,-77.1148712,2111,0,-1,-1,-1,50,"Thursday, July 5, 2012 4:32:46 PM","Thursday, July 5, 2012 12:32:46 PM GMT-04:00"
310,410,7985,158457914,363198766.1,38.88124287,-77.11425292,2814,0,-1,-1,-1,50,"Thursday, July 5, 2012 4:32:46 PM","Thursday, July 5, 2012 12:32:46 PM GMT-04:00"
310,410,7985,193790499,363198766.1,38.88124287,-77.11425292,1848,0,-1,-1,-1,50,"Thursday, July 5, 2012 4:32:46 PM","Thursday, July 5, 2012 12:32:46 PM GMT-04:00"
310,410,7985,0,363198766.1,38.88070392,-77.11642885,2876,0,-1,-1,-1,70,"Thursday, July 5, 2012 4:32:46 PM","Thursday, July 5, 2012 12:32:46 PM GMT-04:00"
310,410,7985,160078019,363198766.1,38.87756633,-77.11456024,3590,0,-1,-1,-1,50,"Thursday, July 5, 2012 4:32:46 PM","Thursday, July 5, 2012 12:32:46 PM GMT-04:00"
310,410,10019,28455,363198766.1,38.8775466,-77.11485838,1414,0,-1,-1,-1,70,"Thursday, July 5, 2012 4:32:46 PM","Thursday, July 5, 2012 12:32:46 PM GMT-04:00"
310,410,7985,194183585,363198766.1,38.8811993,-77.1159535,4116,0,-1,-1,-1,70,"Thursday, July 5, 2012 4:32:46 PM","Thursday, July 5, 2012 12:32:46 PM GMT-04:00"
310,410,7985,194220834,363198766.1,38.87795484,-77.11637234,2371,0,-1,-1,-1,60,"Thursday, July 5, 2012 4:32:46 PM","Thursday, July 5, 2012 12:32:46 PM GMT-04:00"
310,410,7985,160642132,363198766.1,38.8778882,-77.11269944,2264,0,-1,-1,-1,50,"Thursday, July 5, 2012 4:32:46 PM","Thursday, July 5, 2012 12:32:46 PM GMT-04:00"
310,410,10019,28452,363198766.1,38.8783335,-77.11705225,1414,0,-1,-1,-1,70,"Thursday, July 5, 2012 4:32:46 PM","Thursday, July 5, 2012 12:32:46 PM GMT-04:00"
310,410,10019,516,363198766.1,38.87828737,-77.1170755,2231,0,-1,-1,-1,70,"Thursday, July 5, 2012 4:32:46 PM","Thursday, July 5, 2012 12:32:46 PM GMT-04:00"
310,410,7985,160386108,363198766.1,38.88109433,-77.11667895,2278,0,-1,-1,-1,60,"Thursday, July 5, 2012 4:32:46 PM","Thursday, July 5, 2012 12:32:46 PM GMT-04:00"
310,410,7985,158474603,363198766.1,38.87981969,-77.1175276,1414,0,-1,-1,-1,70,"Thursday, July 5, 2012 4:32:46 PM","Thursday, July 5, 2012 12:32:46 PM GMT-04:00"
310,410,7985,158140535,363198766.1,38.87981969,-77.11759203,1961,0,-1,-1,-1,50,"Thursday, July 5, 2012 4:32:46 PM","Thursday, July 5, 2012 12:32:46 PM GMT-04:00"
310,410,7985,194199217,363198766.1,38.8818227,-77.11391144,2492,0,-1,-1,-1,50,"Thursday, July 5, 2012 4:32:46 PM","Thursday, July 5, 2012 12:32:46 PM GMT-04:00"
310,410,7985,193753289,363198766.1,38.87831741,-77.11191517,3916,0,-1,-1,-1,50,"Thursday, July 5, 2012 4:32:46 PM","Thursday, July 5, 2012 12:32:46 PM GMT-04:00"
310,410,7985,160420885,363198766.1,38.88175117,-77.11334109,2177,0,-1,-1,-1,70,"Thursday, July 5, 2012 4:32:46 PM","Thursday, July 5, 2012 12:32:46 PM GMT-04:00"
310,410,7985,194220837,363198766.1,38.87711566,-77.11366188,2599,0,-1,-1,-1,50,"Thursday, July 5, 2012 4:32:46 PM","Thursday, July 5, 2012 12:32:46 PM GMT-04:00"
310,410,7997,158484627,363198766.1,38.87981969,-77.1114161,1414,0,-1,-1,-1,50,"Thursday, July 5, 2012 4:32:46 PM","Thursday, July 5, 2012 12:32:46 PM GMT-04:00"
310,410,7997,158484621,363198766.1,38.87981969,-77.1114161,1414,0,-1,-1,-1,70,"Thursday, July 5, 2012 4:32:46 PM","Thursday, July 5, 2012 12:32:46 PM GMT-04:00"
310,410,7997,158484624,363198766.1,38.87981969,-77.1114161,1414,0,-1,-1,-1,50,"Thursday, July 5, 2012 4:32:46 PM","Thursday, July 5, 2012 12:32:46 PM GMT-04:00"
310,410,7985,160464920,363198766.1,38.87981969,-77.1114161,1414,0,-1,-1,-1,70,"Thursday, July 5, 2012 4:32:46 PM","Thursday, July 5, 2012 12:32:46 PM GMT-04:00"
310,410,7997,158474600,363198766.1,38.87981969,-77.1114161,1414,0,-1,-1,-1,60,"Thursday, July 5, 2012 4:32:46 PM","Thursday, July 5, 2012 12:32:46 PM GMT-04:00"
310,410,7985,158587935,363198766.1,38.87981969,-77.1114161,1414,0,-1,-1,-1,50,"Thursday, July 5, 2012 4:32:46 PM","Thursday, July 5, 2012 12:32:46 PM GMT-04:00"
310,410,7985,187243233,363198766.1,38.87981969,-77.1114161,1414,0,-1,-1,-1,50,"Thursday, July 5, 2012 4:32:46 PM","Thursday, July 5, 2012 12:32:46 PM GMT-04:00"
310,410,7985,187367817,363198766.1,38.87981969,-77.1114161,1414,0,-1,-1,-1,50,"Thursday, July 5, 2012 4:32:46 PM","Thursday, July 5, 2012 12:32:46 PM GMT-04:00"
310,410,7985,187368679,363198766.1,38.87981969,-77.1114161,1414,0,-1,-1,-1,50,"Thursday, July 5, 2012 4:32:46 PM","Thursday, July 5, 2012 12:32:46 PM GMT-04:00"
310,410,7985,54133,363198766.1,38.87981969,-77.1114161,1414,0,-1,-1,-1,50,"Thursday, July 5, 2012 4:32:46 PM","Thursday, July 5, 2012 12:32:46 PM GMT-04:00"
310,410,7985,187236497,363198766.1,38.87981969,-77.1114161,1414,0,-1,-1,-1,50,"Thursday, July 5, 2012 4:32:46 PM","Thursday, July 5, 2012 12:32:46 PM GMT-04:00"
310,410,7985,158504968,363198766.1,38.87981969,-77.1114161,1414,0,-1,-1,-1,70,"Thursday, July 5, 2012 4:32:46 PM","Thursday, July 5, 2012 12:32:46 PM GMT-04:00"
310,410,7985,193465815,363198766.1,38.87906855,-77.1114161,2036,0,-1,-1,-1,50,"Thursday, July 5, 2012 4:32:46 PM","Thursday, July 5, 2012 12:32:46 PM GMT-04:00"
310,410,7985,160445443,363198766.1,38.87885397,-77.1114161,1926,0,-1,-1,-1,60,"Thursday, July 5, 2012 4:32:46 PM","Thursday, July 5, 2012 12:32:46 PM GMT-04:00"
310,410,7985,158474606,363198766.1,38.87981969,-77.11791574,1414,0,-1,-1,-1,70,"Thursday, July 5, 2012 4:32:46 PM","Thursday, July 5, 2012 12:32:46 PM GMT-04:00"
310,410,7985,194183756,363198766.1,38.87695556,-77.11578178,2669,0,-1,-1,-1,70,"Thursday, July 5, 2012 4:32:46 PM","Thursday, July 5, 2012 12:32:46 PM GMT-04:00"
310,410,7985,194191613,363198766.1,38.88211727,-77.11373531,3647,0,-1,-1,-1,70,"Thursday, July 5, 2012 4:32:46 PM","Thursday, July 5, 2012 12:32:46 PM GMT-04:00"
310,410,7985,160386111,363198766.1,38.88072103,-77.11770433,2167,0,-1,-1,-1,70,"Thursday, July 5, 2012 4:32:46 PM","Thursday, July 5, 2012 12:32:46 PM GMT-04:00"
310,410,7985,160464926,363198766.1,38.87952417,-77.11112159,1414,0,-1,-1,-1,70,"Thursday, July 5, 2012 4:32:46 PM","Thursday, July 5, 2012 12:32:46 PM GMT-04:00"
310,410,7985,160294781,363198766.1,38.87831741,-77.1114161,1414,0,-1,-1,-1,50,"Thursday, July 5, 2012 4:32:46 PM","Thursday, July 5, 2012 12:32:46 PM GMT-04:00"
310,410,7985,159922035,363198766.1,38.8822233,-77.11500936,2341,0,-1,-1,-1,50,"Thursday, July 5, 2012 4:32:46 PM","Thursday, July 5, 2012 12:32:46 PM GMT-04:00"
310,410,7985,193753154,363198766.1,38.87934529,-77.11094331,2151,0,-1,-1,-1,50,"Thursday, July 5, 2012 4:32:46 PM","Thursday, July 5, 2012 12:32:46 PM GMT-04:00"
310,410,7985,158494506,363198766.1,38.87764561,-77.11742347,9958,0,-1,-1,-1,70,"Thursday, July 5, 2012 4:32:46 PM","Thursday, July 5, 2012 12:32:46 PM GMT-04:00"
310,410,7985,160396206,363198766.1,38.88218921,-77.11312937,2412,0,-1,-1,-1,70,"Thursday, July 5, 2012 4:32:46 PM","Thursday, July 5, 2012 12:32:46 PM GMT-04:00"
310,410,7985,159986883,363198766.1,38.88135391,-77.11753231,2455,0,-1,-1,-1,60,"Thursday, July 5, 2012 4:32:46 PM","Thursday, July 5, 2012 12:32:46 PM GMT-04:00"
310,410,7985,193491851,363198766.1,38.88138723,-77.11766529,2002,0,-1,-1,-1,50,"Thursday, July 5, 2012 4:32:46 PM","Thursday, July 5, 2012 12:32:46 PM GMT-04:00"
310,410,7985,158520181,363198766.1,38.88116687,-77.11128091,1414,0,-1,-1,-1,70,"Thursday, July 5, 2012 4:32:46 PM","Thursday, July 5, 2012 12:32:46 PM GMT-04:00"
310,410,7985,158388408,363198766.1,38.87638598,-77.11441051,2245,0,-1,-1,-1,50,"Thursday, July 5, 2012 4:32:46 PM","Thursday, July 5, 2012 12:32:46 PM GMT-04:00"
310,410,7985,160445460,363198766.1,38.87981969,-77.11064612,1968,0,-1,-1,-1,60,"Thursday, July 5, 2012 4:32:46 PM","Thursday, July 5, 2012 12:32:46 PM GMT-04:00"
310,410,7985,28458,363198766.1,38.88046354,-77.11077445,1414,0,-1,-1,-1,50,"Thursday, July 5, 2012 4:32:46 PM","Thursday, July 5, 2012 12:32:46 PM GMT-04:00"
310,410,7985,194212633,363198766.1,38.8825103,-77.11329317,3987,0,-1,-1,-1,60,"Thursday, July 5, 2012 4:32:46 PM","Thursday, July 5, 2012 12:32:46 PM GMT-04:00"
310,410,7985,158430151,363198766.1,38.88259309,-77.1155622,2304,0,-1,-1,-1,50,"Thursday, July 5, 2012 4:32:46 PM","Thursday, July 5, 2012 12:32:46 PM GMT-04:00"
310,410,7985,158429268,363198766.1,38.88252377,-77.11590772,2073,0,-1,-1,-1,50,"Thursday, July 5, 2012 4:32:46 PM","Thursday, July 5, 2012 12:32:46 PM GMT-04:00"
310,410,7985,160028049,363198766.1,38.87643963,-77.11590772,1414,0,-1,-1,-1,50,"Thursday, July 5, 2012 4:32:46 PM","Thursday, July 5, 2012 12:32:46 PM GMT-04:00"
310,410,10019,18576,363198766.1,38.88157105,-77.1114161,1414,0,-1,-1,-1,70,"Thursday, July 5, 2012 4:32:46 PM","Thursday, July 5, 2012 12:32:46 PM GMT-04:00"
310,410,7985,158429911,363198766.1,38.87621426,-77.11411106,1527,0,-1,-1,-1,50,"Thursday, July 5, 2012 4:32:46 PM","Thursday, July 5, 2012 12:32:46 PM GMT-04:00"
310,410,7985,158479487,363198766.1,38.87941044,-77.11038672,1414,0,-1,-1,-1,70,"Thursday, July 5, 2012 4:32:46 PM","Thursday, July 5, 2012 12:32:46 PM GMT-04:00"
310,410,10019,1285,363198766.1,38.88054078,-77.11864256,2357,0,-1,-1,-1,70,"Thursday, July 5, 2012 4:32:46 PM","Thursday, July 5, 2012 12:32:46 PM GMT-04:00"
310,410,7985,160633844,363198766.1,38.87741607,-77.11800378,2302,0,-1,-1,-1,50,"Thursday, July 5, 2012 4:32:46 PM","Thursday, July 5, 2012 12:32:46 PM GMT-04:00"
310,410,7985,194186700,363198766.1,38.87709468,-77.11768341,3085,0,-1,-1,-1,60,"Thursday, July 5, 2012 4:32:46 PM","Thursday, July 5, 2012 12:32:46 PM GMT-04:00"
310,410,7985,158479484,363198766.1,38.87948584,-77.11026144,1414,0,-1,-1,-1,70,"Thursday, July 5, 2012 4:32:46 PM","Thursday, July 5, 2012 12:32:46 PM GMT-04:00"
310,410,7985,194187747,363198766.1,38.88282418,-77.11373436,4453,0,-1,-1,-1,60,"Thursday, July 5, 2012 4:32:46 PM","Thursday, July 5, 2012 12:32:46 PM GMT-04:00"
310,410,7985,158484621,363198766.1,38.88181197,-77.1112619,1414,0,-1,-1,-1,70,"Thursday, July 5, 2012 4:32:46 PM","Thursday, July 5, 2012 12:32:46 PM GMT-04:00"
310,410,7985,160650093,363198766.1,38.87716865,-77.11802136,1741,0,-1,-1,-1,60,"Thursday, July 5, 2012 4:32:46 PM","Thursday, July 5, 2012 12:32:46 PM GMT-04:00"
310,410,10019,13436,363198766.1,38.87859016,-77.11021834,1414,0,-1,-1,-1,70,"Thursday, July 5, 2012 4:32:46 PM","Thursday, July 5, 2012 12:32:46 PM GMT-04:00"
310,410,7985,160584032,363198766.1,38.88069194,-77.11895036,2553,0,-1,-1,-1,60,"Thursday, July 5, 2012 4:32:46 PM","Thursday, July 5, 2012 12:32:46 PM GMT-04:00"
310,410,7985,160687217,363198766.1,38.87981969,-77.10999774,1984,0,-1,-1,-1,50,"Thursday, July 5, 2012 4:32:46 PM","Thursday, July 5, 2012 12:32:46 PM GMT-04:00"
310,410,7985,160043961,363198766.1,38.87681519,-77.1114161,1625,0,-1,-1,-1,50,"Thursday, July 5, 2012 4:32:46 PM","Thursday, July 5, 2012 12:32:46 PM GMT-04:00"
310,410,7985,158519501,363198766.1,38.87891834,-77.10995042,8050,0,-1,-1,-1,70,"Thursday, July 5, 2012 4:32:46 PM","Thursday, July 5, 2012 12:32:46 PM GMT-04:00"
310,410,7985,159936168,363198766.1,38.87773966,-77.11878693,2446,0,-1,-1,-1,60,"Thursday, July 5, 2012 4:32:46 PM","Thursday, July 5, 2012 12:32:46 PM GMT-04:00"
310,410,7985,158439177,363198766.1,38.88312464,-77.11351221,1682,0,-1,-1,-1,60,"Thursday, July 5, 2012 4:32:46 PM","Thursday, July 5, 2012 12:32:46 PM GMT-04:00"
310,410,7985,158494503,363198766.1,38.87604016,-77.11652755,1414,0,-1,-1,-1,70,"Thursday, July 5, 2012 4:32:46 PM","Thursday, July 5, 2012 12:32:46 PM GMT-04:00"
310,410,7985,160395519,363198766.1,38.878017,-77.11905181,3009,0,-1,-1,-1,50,"Thursday, July 5, 2012 4:32:46 PM","Thursday, July 5, 2012 12:32:46 PM GMT-04:00"
310,410,7985,158479481,363198766.1,38.87978082,-77.10978019,1414,0,-1,-1,-1,70,"Thursday, July 5, 2012 4:32:46 PM","Thursday, July 5, 2012 12:32:46 PM GMT-04:00"
310,410,7985,158400666,363198766.1,38.88319975,-77.11366188,1753,0,-1,-1,-1,50,"Thursday, July 5, 2012 4:32:46 PM","Thursday, July 5, 2012 12:32:46 PM GMT-04:00"
310,410,7985,159994328,363198766.1,38.88132196,-77.11890208,2099,0,-1,-1,-1,50,"Thursday, July 5, 2012 4:32:46 PM","Thursday, July 5, 2012 12:32:46 PM GMT-04:00"
310,410,7985,193992309,363198766.1,38.8814103,-77.11035925,4639,0,-1,-1,-1,50,"Thursday, July 5, 2012 4:32:46 PM","Thursday, July 5, 2012 12:32:46 PM GMT-04:00"
310,410,10019,18573,363198766.1,38.88240545,-77.1114161,1414,0,-1,-1,-1,70,"Thursday, July 5, 2012 4:32:46 PM","Thursday, July 5, 2012 12:32:46 PM GMT-04:00"
310,410,7985,158439176,363198766.1,38.8832339,-77.11345773,2557,0,-1,-1,-1,60,"Thursday, July 5, 2012 4:32:46 PM","Thursday, July 5, 2012 12:32:46 PM GMT-04:00"
310,410,7985,158140532,363198766.1,38.88314044,-77.11283451,2252,0,-1,-1,-1,50,"Thursday, July 5, 2012 4:32:46 PM","Thursday, July 5, 2012 12:32:46 PM GMT-04:00"
310,410,7985,160381396,363198766.1,38.87981969,-77.11961126,2531,0,-1,-1,-1,60,"Thursday, July 5, 2012 4:32:46 PM","Thursday, July 5, 2012 12:32:46 PM GMT-04:00"
310,410,7985,158413417,363198766.1,38.88342511,-77.11411106,1827,0,-1,-1,-1,50,"Thursday, July 5, 2012 4:32:46 PM","Thursday, July 5, 2012 12:32:46 PM GMT-04:00"
310,410,7985,160050725,363198766.1,38.87922447,-77.10946691,2076,0,-1,-1,-1,70,"Thursday, July 5, 2012 4:32:46 PM","Thursday, July 5, 2012 12:32:46 PM GMT-04:00"
310,410,7985,159913508,363198766.1,38.87590074,-77.11219727,2890,0,-1,-1,-1,60,"Thursday, July 5, 2012 4:32:46 PM","Thursday, July 5, 2012 12:32:46 PM GMT-04:00"
310,410,7009,-1,363198766.1,38.94073098,-77.03607356,148990,0,-1,-1,-1,50,"Thursday, July 5, 2012 4:32:46 PM","Thursday, July 5, 2012 12:32:46 PM GMT-04:00"
310,410,10018,-1,363198766.1,38.96610546,-77.11390036,148990,0,-1,-1,-1,50,"Thursday, July 5, 2012 4:32:46 PM","Thursday, July 5, 2012 12:32:46 PM GMT-04:00"
310,410,10981,-1,363198766.1,38.94208306,-77.0148946,148990,0,-1,-1,-1,50,"Thursday, July 5, 2012 4:32:46 PM","Thursday, July 5, 2012 12:32:46 PM GMT-04:00"
0,0,0,0,363199347.3,0,0,-1,0,-1,-1,-1,0,"Thursday, July 5, 2012 4:42:27 PM","Thursday, July 5, 2012 12:42:27 PM GMT-04:00"
310,410,7980,159912924,363630670.5,38.85141718,-77.07823592,1414,0,-1,-1,-1,70,"Tuesday, July 10, 2012 4:31:10 PM","Tuesday, July 10, 2012 12:31:10 PM GMT-04:00"
310,410,7985,158469619,363630670.5,38.85160857,-77.07828342,1414,0,-1,-1,-1,60,"Tuesday, July 10, 2012 4:31:10 PM","Tuesday, July 10, 2012 12:31:10 PM GMT-04:00"
310,410,7017,1792,363630670.5,38.85116958,-77.07837092,2180,0,-1,-1,-1,60,"Tuesday, July 10, 2012 4:31:10 PM","Tuesday, July 10, 2012 12:31:10 PM GMT-04:00"
310,410,7980,159912927,363630670.5,38.85167694,-77.07782006,1414,0,-1,-1,-1,70,"Tuesday, July 10, 2012 4:31:10 PM","Tuesday, July 10, 2012 12:31:10 PM GMT-04:00"
310,410,7980,159911414,363630670.5,38.85112148,-77.07752043,1669,0,-1,-1,-1,70,"Tuesday, July 10, 2012 4:31:10 PM","Tuesday, July 10, 2012 12:31:10 PM GMT-04:00"
310,410,7980,159959184,363630670.5,38.85080355,-77.07880604,1414,0,-1,-1,-1,70,"Tuesday, July 10, 2012 4:31:10 PM","Tuesday, July 10, 2012 12:31:10 PM GMT-04:00"
310,410,7980,160067341,363630670.5,38.85222417,-77.07819181,1953,0,-1,-1,-1,70,"Tuesday, July 10, 2012 4:31:10 PM","Tuesday, July 10, 2012 12:31:10 PM GMT-04:00"
310,410,7985,158469622,363630670.5,38.85048156,-77.07794946,1414,0,-1,-1,-1,60,"Tuesday, July 10, 2012 4:31:10 PM","Tuesday, July 10, 2012 12:31:10 PM GMT-04:00"
310,410,7980,159911411,363630670.5,38.85203343,-77.07953381,1414,0,-1,-1,-1,70,"Tuesday, July 10, 2012 4:31:10 PM","Tuesday, July 10, 2012 12:31:10 PM GMT-04:00"
310,410,7980,159959181,363630670.5,38.85194021,-77.07967317,1414,0,-1,-1,-1,70,"Tuesday, July 10, 2012 4:31:10 PM","Tuesday, July 10, 2012 12:31:10 PM GMT-04:00"
310,410,7980,159964821,363630670.5,38.85273241,-77.07814586,2161,0,-1,-1,-1,70,"Tuesday, July 10, 2012 4:31:10 PM","Tuesday, July 10, 2012 12:31:10 PM GMT-04:00"
310,410,7985,158469625,363630670.5,38.85132938,-77.07636296,1414,0,-1,-1,-1,70,"Tuesday, July 10, 2012 4:31:10 PM","Tuesday, July 10, 2012 12:31:10 PM GMT-04:00"
310,410,7980,160050986,363630670.5,38.8529492,-77.07802587,2716,0,-1,-1,-1,60,"Tuesday, July 10, 2012 4:31:10 PM","Tuesday, July 10, 2012 12:31:10 PM GMT-04:00"
310,410,7980,158188559,363630670.5,38.84977465,-77.07847785,1414,0,-1,-1,-1,50,"Tuesday, July 10, 2012 4:31:10 PM","Tuesday, July 10, 2012 12:31:10 PM GMT-04:00"
310,410,7017,28534,363630670.5,38.85277915,-77.07690399,1414,0,-1,-1,-1,70,"Tuesday, July 10, 2012 4:31:10 PM","Tuesday, July 10, 2012 12:31:10 PM GMT-04:00"
310,410,7980,160633661,363630670.5,38.84998923,-77.07954728,3459,0,-1,-1,-1,60,"Tuesday, July 10, 2012 4:31:10 PM","Tuesday, July 10, 2012 12:31:10 PM GMT-04:00"
310,410,7980,159936371,363630670.5,38.85307198,-77.07693356,1414,0,-1,-1,-1,70,"Tuesday, July 10, 2012 4:31:10 PM","Tuesday, July 10, 2012 12:31:10 PM GMT-04:00"
310,410,7017,3574,363630670.5,38.85220044,-77.08065444,1414,0,-1,-1,-1,70,"Tuesday, July 10, 2012 4:31:10 PM","Tuesday, July 10, 2012 12:31:10 PM GMT-04:00"
310,410,7980,160683618,363630670.5,38.85157734,-77.08087337,3615,0,-1,-1,-1,60,"Tuesday, July 10, 2012 4:31:10 PM","Tuesday, July 10, 2012 12:31:10 PM GMT-04:00"
310,410,7980,160584094,363630670.5,38.85177761,-77.0754835,1414,0,-1,-1,-1,50,"Tuesday, July 10, 2012 4:31:10 PM","Tuesday, July 10, 2012 12:31:10 PM GMT-04:00"
310,410,7985,159964821,363630670.5,38.85355055,-77.07710206,1414,0,-1,-1,-1,70,"Tuesday, July 10, 2012 4:31:10 PM","Tuesday, July 10, 2012 12:31:10 PM GMT-04:00"
310,410,7980,159936377,363630670.5,38.85303002,-77.07587242,1572,0,-1,-1,-1,70,"Tuesday, July 10, 2012 4:31:10 PM","Tuesday, July 10, 2012 12:31:10 PM GMT-04:00"
310,410,7985,158494579,363630670.5,38.85311925,-77.07582247,1414,0,-1,-1,-1,60,"Tuesday, July 10, 2012 4:31:10 PM","Tuesday, July 10, 2012 12:31:10 PM GMT-04:00"
310,410,7980,159936374,363630670.5,38.85316663,-77.07572257,1414,0,-1,-1,-1,70,"Tuesday, July 10, 2012 4:31:10 PM","Tuesday, July 10, 2012 12:31:10 PM GMT-04:00"
310,410,7981,158224556,363630670.5,38.8509764,-77.07488459,6379,0,-1,-1,-1,50,"Tuesday, July 10, 2012 4:31:10 PM","Tuesday, July 10, 2012 12:31:10 PM GMT-04:00"
310,410,7985,158494585,363630670.5,38.85329914,-77.07565623,1414,0,-1,-1,-1,70,"Tuesday, July 10, 2012 4:31:10 PM","Tuesday, July 10, 2012 12:31:10 PM GMT-04:00"
310,410,7985,158494582,363630670.5,38.85335141,-77.07567358,1414,0,-1,-1,-1,70,"Tuesday, July 10, 2012 4:31:10 PM","Tuesday, July 10, 2012 12:31:10 PM GMT-04:00"
310,410,7985,159936371,363630670.5,38.85413271,-77.07738435,1414,0,-1,-1,-1,70,"Tuesday, July 10, 2012 4:31:10 PM","Tuesday, July 10, 2012 12:31:10 PM GMT-04:00"
310,410,7980,160093015,363630670.5,38.85330933,-77.0754835,2187,0,-1,-1,-1,50,"Tuesday, July 10, 2012 4:31:10 PM","Tuesday, July 10, 2012 12:31:10 PM GMT-04:00"
310,410,7980,193490946,363630670.5,38.85428136,-77.07772928,5192,0,-1,-1,-1,50,"Tuesday, July 10, 2012 4:31:10 PM","Tuesday, July 10, 2012 12:31:10 PM GMT-04:00"
310,410,7017,3571,363630670.5,38.85219508,-77.08182799,1414,0,-1,-1,-1,70,"Tuesday, July 10, 2012 4:31:10 PM","Tuesday, July 10, 2012 12:31:10 PM GMT-04:00"
310,410,7980,160372249,363630670.5,38.84996241,-77.08165943,1478,0,-1,-1,-1,50,"Tuesday, July 10, 2012 4:31:10 PM","Tuesday, July 10, 2012 12:31:10 PM GMT-04:00"
310,410,7985,159936377,363630670.5,38.85404217,-77.07614147,1414,0,-1,-1,-1,70,"Tuesday, July 10, 2012 4:31:10 PM","Tuesday, July 10, 2012 12:31:10 PM GMT-04:00"
310,410,7980,194254483,363630670.5,38.84891617,-77.08061671,2418,0,-1,-1,-1,50,"Tuesday, July 10, 2012 4:31:10 PM","Tuesday, July 10, 2012 12:31:10 PM GMT-04:00"
310,410,7980,160095945,363630670.5,38.85356062,-77.07524114,2902,0,-1,-1,-1,70,"Tuesday, July 10, 2012 4:31:10 PM","Tuesday, July 10, 2012 12:31:10 PM GMT-04:00"
310,410,7980,160067338,363630670.5,38.85356521,-77.0752328,1689,0,-1,-1,-1,70,"Tuesday, July 10, 2012 4:31:10 PM","Tuesday, July 10, 2012 12:31:10 PM GMT-04:00"
310,410,7980,160043866,363630670.5,38.85458183,-77.07705557,2743,0,-1,-1,-1,60,"Tuesday, July 10, 2012 4:31:10 PM","Tuesday, July 10, 2012 12:31:10 PM GMT-04:00"
310,410,7980,160637258,363630670.5,38.85391288,-77.08102029,3350,0,-1,-1,-1,70,"Tuesday, July 10, 2012 4:31:10 PM","Tuesday, July 10, 2012 12:31:10 PM GMT-04:00"
310,410,7980,194082538,363630670.5,38.84844177,-77.08034658,3531,0,-1,-1,-1,70,"Tuesday, July 10, 2012 4:31:10 PM","Tuesday, July 10, 2012 12:31:10 PM GMT-04:00"
310,410,7017,1025,363630670.5,38.85400825,-77.08120006,1917,0,-1,-1,-1,60,"Tuesday, July 10, 2012 4:31:10 PM","Tuesday, July 10, 2012 12:31:10 PM GMT-04:00"
310,410,7980,160657327,363630670.5,38.85428136,-77.0754835,3332,0,-1,-1,-1,50,"Tuesday, July 10, 2012 4:31:10 PM","Tuesday, July 10, 2012 12:31:10 PM GMT-04:00"
310,410,7980,160095814,363630670.5,38.8516829,-77.07366257,2064,0,-1,-1,-1,60,"Tuesday, July 10, 2012 4:31:10 PM","Tuesday, July 10, 2012 12:31:10 PM GMT-04:00"
310,410,7980,160092193,363630670.5,38.85277915,-77.08267003,3235,0,-1,-1,-1,50,"Tuesday, July 10, 2012 4:31:10 PM","Tuesday, July 10, 2012 12:31:10 PM GMT-04:00"
310,410,7980,158598343,363630670.5,38.84827238,-77.08087337,2992,0,-1,-1,-1,50,"Tuesday, July 10, 2012 4:31:10 PM","Tuesday, July 10, 2012 12:31:10 PM GMT-04:00"
310,410,7980,158479483,363630670.5,38.8550325,-77.07660639,2958,0,-1,-1,-1,50,"Tuesday, July 10, 2012 4:31:10 PM","Tuesday, July 10, 2012 12:31:10 PM GMT-04:00"
310,410,7980,160060135,363630670.5,38.84760963,-77.07891821,3396,0,-1,-1,-1,60,"Tuesday, July 10, 2012 4:31:10 PM","Tuesday, July 10, 2012 12:31:10 PM GMT-04:00"
310,410,7017,1285,363630670.5,38.85513049,-77.0766552,1812,0,-1,-1,-1,50,"Tuesday, July 10, 2012 4:31:10 PM","Tuesday, July 10, 2012 12:31:10 PM GMT-04:00"
310,410,7980,160445441,363630670.5,38.85535442,-77.07805013,1533,0,-1,-1,-1,50,"Tuesday, July 10, 2012 4:31:10 PM","Tuesday, July 10, 2012 12:31:10 PM GMT-04:00"
310,410,7980,194072617,363630670.5,38.84770905,-77.07997506,2753,0,-1,-1,-1,50,"Tuesday, July 10, 2012 4:31:10 PM","Tuesday, July 10, 2012 12:31:10 PM GMT-04:00"
310,410,7980,160043959,363630670.5,38.85428136,-77.07473492,3455,0,-1,-1,-1,50,"Tuesday, July 10, 2012 4:31:10 PM","Tuesday, July 10, 2012 12:31:10 PM GMT-04:00"
310,410,7980,158479493,363630670.5,38.85535442,-77.07933342,1869,0,-1,-1,-1,50,"Tuesday, July 10, 2012 4:31:10 PM","Tuesday, July 10, 2012 12:31:10 PM GMT-04:00"
310,410,7981,158224557,363630670.5,38.85531419,-77.07604491,3804,0,-1,-1,-1,60,"Tuesday, July 10, 2012 4:31:10 PM","Tuesday, July 10, 2012 12:31:10 PM GMT-04:00"
310,410,7980,160445371,363630670.5,38.84937405,-77.08306926,2695,0,-1,-1,-1,60,"Tuesday, July 10, 2012 4:31:10 PM","Tuesday, July 10, 2012 12:31:10 PM GMT-04:00"
310,410,7017,3575,363630670.5,38.84746581,-77.07589548,1414,0,-1,-1,-1,70,"Tuesday, July 10, 2012 4:31:10 PM","Tuesday, July 10, 2012 12:31:10 PM GMT-04:00"
310,410,7980,160633664,363630670.5,38.85539597,-77.0806995,3165,0,-1,-1,-1,60,"Tuesday, July 10, 2012 4:31:10 PM","Tuesday, July 10, 2012 12:31:10 PM GMT-04:00"
310,410,7980,160043537,363630670.5,38.8549084,-77.0747317,2104,0,-1,-1,-1,70,"Tuesday, July 10, 2012 4:31:10 PM","Tuesday, July 10, 2012 12:31:10 PM GMT-04:00"
310,410,7017,3572,363630670.5,38.8470537,-77.07696956,1414,0,-1,-1,-1,70,"Tuesday, July 10, 2012 4:31:10 PM","Tuesday, July 10, 2012 12:31:10 PM GMT-04:00"
310,410,7980,160649624,363630670.5,38.84939908,-77.08334374,2680,0,-1,-1,-1,50,"Tuesday, July 10, 2012 4:31:10 PM","Tuesday, July 10, 2012 12:31:10 PM GMT-04:00"
310,410,7017,2,363630670.5,38.85394972,-77.07350021,2669,0,-1,-1,-1,70,"Tuesday, July 10, 2012 4:31:10 PM","Tuesday, July 10, 2012 12:31:10 PM GMT-04:00"
310,410,7980,160637264,363630670.5,38.85482764,-77.0820167,2916,0,-1,-1,-1,60,"Tuesday, July 10, 2012 4:31:10 PM","Tuesday, July 10, 2012 12:31:10 PM GMT-04:00"
310,410,7980,160097565,363630670.5,38.85277915,-77.08377563,3676,0,-1,-1,-1,50,"Tuesday, July 10, 2012 4:31:10 PM","Tuesday, July 10, 2012 12:31:10 PM GMT-04:00"
310,410,7017,1542,363630670.5,38.84880542,-77.07326185,2241,0,-1,-1,-1,60,"Tuesday, July 10, 2012 4:31:10 PM","Tuesday, July 10, 2012 12:31:10 PM GMT-04:00"
310,410,7981,158533860,363630670.5,38.84789681,-77.08222085,7178,0,-1,-1,-1,50,"Tuesday, July 10, 2012 4:31:10 PM","Tuesday, July 10, 2012 12:31:10 PM GMT-04:00"
310,410,7980,193937955,363630670.5,38.85548317,-77.07503432,3953,0,-1,-1,-1,50,"Tuesday, July 10, 2012 4:31:10 PM","Tuesday, July 10, 2012 12:31:10 PM GMT-04:00"
310,410,7980,194458534,363630670.5,38.85535442,-77.0819,1414,0,-1,-1,-1,50,"Tuesday, July 10, 2012 4:31:10 PM","Tuesday, July 10, 2012 12:31:10 PM GMT-04:00"
310,410,7980,160067495,363630670.5,38.85451322,-77.0732994,4097,0,-1,-1,-1,70,"Tuesday, July 10, 2012 4:31:10 PM","Tuesday, July 10, 2012 12:31:10 PM GMT-04:00"
310,410,7980,160657308,363630670.5,38.85010713,-77.08436012,3318,0,-1,-1,-1,70,"Tuesday, July 10, 2012 4:31:10 PM","Tuesday, July 10, 2012 12:31:10 PM GMT-04:00"
310,410,7980,160067321,363630670.5,38.8489319,-77.07252562,2016,0,-1,-1,-1,60,"Tuesday, July 10, 2012 4:31:10 PM","Tuesday, July 10, 2012 12:31:10 PM GMT-04:00"
310,410,7980,160080504,363630670.5,38.84747707,-77.07389825,2131,0,-1,-1,-1,50,"Tuesday, July 10, 2012 4:31:10 PM","Tuesday, July 10, 2012 12:31:10 PM GMT-04:00"
310,410,7980,193410807,363630670.5,38.85471057,-77.07291686,3755,0,-1,-1,-1,50,"Tuesday, July 10, 2012 4:31:10 PM","Tuesday, July 10, 2012 12:31:10 PM GMT-04:00"
310,410,7017,1283,363630670.5,38.84656983,-77.08113956,3072,0,-1,-1,-1,70,"Tuesday, July 10, 2012 4:31:10 PM","Tuesday, July 10, 2012 12:31:10 PM GMT-04:00"
310,410,7980,160657314,363630670.5,38.85091429,-77.08508616,3567,0,-1,-1,-1,60,"Tuesday, July 10, 2012 4:31:10 PM","Tuesday, July 10, 2012 12:31:10 PM GMT-04:00"
310,410,7980,160067335,363630670.5,38.85523825,-77.07327109,1674,0,-1,-1,-1,70,"Tuesday, July 10, 2012 4:31:10 PM","Tuesday, July 10, 2012 12:31:10 PM GMT-04:00"
310,410,7980,158224512,363630670.5,38.85052573,-77.07136619,3984,0,-1,-1,-1,50,"Tuesday, July 10, 2012 4:31:10 PM","Tuesday, July 10, 2012 12:31:10 PM GMT-04:00"
310,410,7981,158163862,363630670.5,38.85448437,-77.08434528,5236,0,-1,-1,-1,60,"Tuesday, July 10, 2012 4:31:10 PM","Tuesday, July 10, 2012 12:31:10 PM GMT-04:00"
310,410,7980,158522931,363630670.5,38.85638451,-77.07458519,2202,0,-1,-1,-1,50,"Tuesday, July 10, 2012 4:31:10 PM","Tuesday, July 10, 2012 12:31:10 PM GMT-04:00"
310,410,7980,160052145,363630670.5,38.84581416,-77.07630014,4979,0,-1,-1,-1,60,"Tuesday, July 10, 2012 4:31:10 PM","Tuesday, July 10, 2012 12:31:10 PM GMT-04:00"
310,410,7980,160052151,363630670.5,38.85406678,-77.07163357,2165,0,-1,-1,-1,50,"Tuesday, July 10, 2012 4:31:10 PM","Tuesday, July 10, 2012 12:31:10 PM GMT-04:00"
310,410,7985,159964641,363630670.5,38.85325986,-77.08530509,2017,0,-1,-1,-1,60,"Tuesday, July 10, 2012 4:31:10 PM","Tuesday, July 10, 2012 12:31:10 PM GMT-04:00"
310,410,7980,158479491,363630670.5,38.84996241,-77.08558952,1855,0,-1,-1,-1,60,"Tuesday, July 10, 2012 4:31:10 PM","Tuesday, July 10, 2012 12:31:10 PM GMT-04:00"
310,410,7980,160060153,363630670.5,38.8467701,-77.08296948,3792,0,-1,-1,-1,50,"Tuesday, July 10, 2012 4:31:10 PM","Tuesday, July 10, 2012 12:31:10 PM GMT-04:00"
310,410,7985,159919881,363630670.5,38.85713046,-77.07610303,1553,0,-1,-1,-1,60,"Tuesday, July 10, 2012 4:31:10 PM","Tuesday, July 10, 2012 12:31:10 PM GMT-04:00"
310,410,7017,1,363630670.5,38.8456971,-77.07612514,2711,0,-1,-1,-1,70,"Tuesday, July 10, 2012 4:31:10 PM","Tuesday, July 10, 2012 12:31:10 PM GMT-04:00"
310,410,7980,160095815,363630670.5,38.85584086,-77.07303094,1417,0,-1,-1,-1,70,"Tuesday, July 10, 2012 4:31:10 PM","Tuesday, July 10, 2012 12:31:10 PM GMT-04:00"
310,410,7985,159936374,363630670.5,38.85743129,-77.07633215,2460,0,-1,-1,-1,70,"Tuesday, July 10, 2012 4:31:10 PM","Tuesday, July 10, 2012 12:31:10 PM GMT-04:00"
310,410,7985,159945701,363630670.5,38.84881317,-77.08554464,3381,0,-1,-1,-1,60,"Tuesday, July 10, 2012 4:31:10 PM","Tuesday, July 10, 2012 12:31:10 PM GMT-04:00"
310,410,7980,194499805,363630670.5,38.84634089,-77.08318334,1414,0,-1,-1,-1,50,"Tuesday, July 10, 2012 4:31:10 PM","Tuesday, July 10, 2012 12:31:10 PM GMT-04:00"
310,410,7985,159964822,363630670.5,38.8453834,-77.0812419,1551,0,-1,-1,-1,60,"Tuesday, July 10, 2012 4:31:10 PM","Tuesday, July 10, 2012 12:31:10 PM GMT-04:00"
310,410,7985,159959181,363630670.5,38.85419613,-77.08573025,1414,0,-1,-1,-1,70,"Tuesday, July 10, 2012 4:31:10 PM","Tuesday, July 10, 2012 12:31:10 PM GMT-04:00"
310,410,7980,160093723,363630670.5,38.84522724,-77.08082485,3148,0,-1,-1,-1,60,"Tuesday, July 10, 2012 4:31:10 PM","Tuesday, July 10, 2012 12:31:10 PM GMT-04:00"
310,410,7980,194082680,363630670.5,38.84800088,-77.07104605,5533,0,-1,-1,-1,60,"Tuesday, July 10, 2012 4:31:10 PM","Tuesday, July 10, 2012 12:31:10 PM GMT-04:00"
310,410,7980,160095844,363630670.5,38.8579297,-77.07676678,1414,0,-1,-1,-1,50,"Tuesday, July 10, 2012 4:31:10 PM","Tuesday, July 10, 2012 12:31:10 PM GMT-04:00"
310,410,7017,0,363630670.5,38.85728591,-77.07428574,2904,0,-1,-1,-1,60,"Tuesday, July 10, 2012 4:31:10 PM","Tuesday, July 10, 2012 12:31:10 PM GMT-04:00"
310,410,7981,158163856,363630670.5,38.85753172,-77.08152669,4712,0,-1,-1,-1,60,"Tuesday, July 10, 2012 4:31:10 PM","Tuesday, July 10, 2012 12:31:10 PM GMT-04:00"
310,410,7980,159959185,363630670.5,38.84521758,-77.07517343,1632,0,-1,-1,-1,70,"Tuesday, July 10, 2012 4:31:10 PM","Tuesday, July 10, 2012 12:31:10 PM GMT-04:00"
310,410,7985,159911414,363630670.5,38.8545947,-77.08576369,1414,0,-1,-1,-1,70,"Tuesday, July 10, 2012 4:31:10 PM","Tuesday, July 10, 2012 12:31:10 PM GMT-04:00"
310,410,7980,158494502,363630670.5,38.84584563,-77.07341045,1414,0,-1,-1,-1,50,"Tuesday, July 10, 2012 4:31:10 PM","Tuesday, July 10, 2012 12:31:10 PM GMT-04:00"
310,410,7980,160026889,363630670.5,38.8467701,-77.08446663,1942,0,-1,-1,-1,50,"Tuesday, July 10, 2012 4:31:10 PM","Tuesday, July 10, 2012 12:31:10 PM GMT-04:00"
310,410,7980,159959182,363630670.5,38.84531021,-77.0745092,1545,0,-1,-1,-1,70,"Tuesday, July 10, 2012 4:31:10 PM","Tuesday, July 10, 2012 12:31:10 PM GMT-04:00"
310,410,7980,159911412,363630670.5,38.84508007,-77.07514661,1680,0,-1,-1,-1,70,"Tuesday, July 10, 2012 4:31:10 PM","Tuesday, July 10, 2012 12:31:10 PM GMT-04:00"
310,410,7980,160067336,363630670.5,38.8459925,-77.08351546,2798,0,-1,-1,-1,60,"Tuesday, July 10, 2012 4:31:10 PM","Tuesday, July 10, 2012 12:31:10 PM GMT-04:00"
310,410,7980,159936145,363631500,38.82705807,-77.08610582,1414,0,-1,-1,-1,70,"Tuesday, July 10, 2012 4:45:00 PM","Tuesday, July 10, 2012 12:45:00 PM GMT-04:00"
310,410,7980,194082551,363631500,38.8276453,-77.08550316,4199,0,-1,-1,-1,60,"Tuesday, July 10, 2012 4:45:00 PM","Tuesday, July 10, 2012 12:45:00 PM GMT-04:00"
310,410,7980,194062457,363631500,38.82637333,-77.08674407,3794,0,-1,-1,-1,70,"Tuesday, July 10, 2012 4:45:00 PM","Tuesday, July 10, 2012 12:45:00 PM GMT-04:00"
310,410,7980,194277660,363631500,38.82716178,-77.08493942,2848,0,-1,-1,-1,50,"Tuesday, July 10, 2012 4:45:00 PM","Tuesday, July 10, 2012 12:45:00 PM GMT-04:00"
310,410,7980,193951523,363631500,38.82712101,-77.08479732,5421,0,-1,-1,-1,70,"Tuesday, July 10, 2012 4:45:00 PM","Tuesday, July 10, 2012 12:45:00 PM GMT-04:00"
310,410,7980,160424095,363631500,38.82811057,-77.08493942,3349,0,-1,-1,-1,60,"Tuesday, July 10, 2012 4:45:00 PM","Tuesday, July 10, 2012 12:45:00 PM GMT-04:00"
310,410,7980,159964642,363631500,38.82639253,-77.08442884,1696,0,-1,-1,-1,70,"Tuesday, July 10, 2012 4:45:00 PM","Tuesday, July 10, 2012 12:45:00 PM GMT-04:00"
310,410,7985,158494353,363631500,38.82573854,-77.08507227,1414,0,-1,-1,-1,60,"Tuesday, July 10, 2012 4:45:00 PM","Tuesday, July 10, 2012 12:45:00 PM GMT-04:00"
310,410,7017,28302,363631500,38.82573854,-77.08477675,1414,0,-1,-1,-1,70,"Tuesday, July 10, 2012 4:45:00 PM","Tuesday, July 10, 2012 12:45:00 PM GMT-04:00"
310,410,7980,159936142,363631500,38.82597684,-77.08432811,1620,0,-1,-1,-1,70,"Tuesday, July 10, 2012 4:45:00 PM","Tuesday, July 10, 2012 12:45:00 PM GMT-04:00"
310,410,7980,159936148,363631500,38.82553982,-77.08482319,1414,0,-1,-1,-1,70,"Tuesday, July 10, 2012 4:45:00 PM","Tuesday, July 10, 2012 12:45:00 PM GMT-04:00"
310,410,7980,193950177,363631500,38.82859283,-77.08476608,5166,0,-1,-1,-1,60,"Tuesday, July 10, 2012 4:45:00 PM","Tuesday, July 10, 2012 12:45:00 PM GMT-04:00"
310,410,7017,28305,363631500,38.82623296,-77.08379387,1414,0,-1,-1,-1,70,"Tuesday, July 10, 2012 4:45:00 PM","Tuesday, July 10, 2012 12:45:00 PM GMT-04:00"
310,410,7980,160395636,363631500,38.82900434,-77.08667987,2443,0,-1,-1,-1,60,"Tuesday, July 10, 2012 4:45:00 PM","Tuesday, July 10, 2012 12:45:00 PM GMT-04:00"
310,410,7980,160405219,363631500,38.82905936,-77.08683061,2643,0,-1,-1,-1,50,"Tuesday, July 10, 2012 4:45:00 PM","Tuesday, July 10, 2012 12:45:00 PM GMT-04:00"
310,410,7985,159936145,363631500,38.82573854,-77.08820962,1414,0,-1,-1,-1,50,"Tuesday, July 10, 2012 4:45:00 PM","Tuesday, July 10, 2012 12:45:00 PM GMT-04:00"
310,410,7980,158204247,363631500,38.82809925,-77.08353984,4856,0,-1,-1,-1,70,"Tuesday, July 10, 2012 4:45:00 PM","Tuesday, July 10, 2012 12:45:00 PM GMT-04:00"
310,410,7980,194393063,363631500,38.82949423,-77.08633816,3147,0,-1,-1,-1,50,"Tuesday, July 10, 2012 4:45:00 PM","Tuesday, July 10, 2012 12:45:00 PM GMT-04:00"
310,410,7980,193929822,363631500,38.82828587,-77.08329492,4387,0,-1,-1,-1,60,"Tuesday, July 10, 2012 4:45:00 PM","Tuesday, July 10, 2012 12:45:00 PM GMT-04:00"
310,410,7980,194277865,363631500,38.82472687,-77.08474165,4013,0,-1,-1,-1,60,"Tuesday, July 10, 2012 4:45:00 PM","Tuesday, July 10, 2012 12:45:00 PM GMT-04:00"
310,410,7980,158258676,363631500,38.82831388,-77.08318334,4814,0,-1,-1,-1,50,"Tuesday, July 10, 2012 4:45:00 PM","Tuesday, July 10, 2012 12:45:00 PM GMT-04:00"
310,410,7980,194233369,363631500,38.82573854,-77.08930373,2683,0,-1,-1,-1,50,"Tuesday, July 10, 2012 4:45:00 PM","Tuesday, July 10, 2012 12:45:00 PM GMT-04:00"
310,410,7980,158442033,363631500,38.82694035,-77.08985656,2630,0,-1,-1,-1,60,"Tuesday, July 10, 2012 4:45:00 PM","Tuesday, July 10, 2012 12:45:00 PM GMT-04:00"
310,410,7980,160680777,363631500,38.824171,-77.08485722,2586,0,-1,-1,-1,50,"Tuesday, July 10, 2012 4:45:00 PM","Tuesday, July 10, 2012 12:45:00 PM GMT-04:00"
310,410,7980,158484623,363631500,38.82573854,-77.0825138,1968,0,-1,-1,-1,50,"Tuesday, July 10, 2012 4:45:00 PM","Tuesday, July 10, 2012 12:45:00 PM GMT-04:00"
310,410,7980,160039215,363631500,38.82659697,-77.08211392,2618,0,-1,-1,-1,60,"Tuesday, July 10, 2012 4:45:00 PM","Tuesday, July 10, 2012 12:45:00 PM GMT-04:00"
310,410,7017,28304,363631500,38.8301891,-77.08537244,1414,0,-1,-1,-1,70,"Tuesday, July 10, 2012 4:45:00 PM","Tuesday, July 10, 2012 12:45:00 PM GMT-04:00"
310,410,7980,193951376,363631500,38.82614517,-77.08210265,4140,0,-1,-1,-1,70,"Tuesday, July 10, 2012 4:45:00 PM","Tuesday, July 10, 2012 12:45:00 PM GMT-04:00"
310,410,7980,193973696,363631500,38.82424974,-77.08827644,5041,0,-1,-1,-1,70,"Tuesday, July 10, 2012 4:45:00 PM","Tuesday, July 10, 2012 12:45:00 PM GMT-04:00"
310,410,7980,193821215,363631500,38.82895767,-77.0825417,1852,0,-1,-1,-1,50,"Tuesday, July 10, 2012 4:45:00 PM","Tuesday, July 10, 2012 12:45:00 PM GMT-04:00"
310,410,7980,158260347,363631500,38.8299449,-77.08386778,2765,0,-1,-1,-1,50,"Tuesday, July 10, 2012 4:45:00 PM","Tuesday, July 10, 2012 12:45:00 PM GMT-04:00"
310,410,7980,194254481,363631500,38.82702624,-77.09045541,2654,0,-1,-1,-1,50,"Tuesday, July 10, 2012 4:45:00 PM","Tuesday, July 10, 2012 12:45:00 PM GMT-04:00"
310,410,7980,158296217,363631500,38.82359248,-77.0861777,2459,0,-1,-1,-1,50,"Tuesday, July 10, 2012 4:45:00 PM","Tuesday, July 10, 2012 12:45:00 PM GMT-04:00"
310,410,7980,158290147,363631500,38.82540476,-77.0821377,2901,0,-1,-1,-1,60,"Tuesday, July 10, 2012 4:45:00 PM","Tuesday, July 10, 2012 12:45:00 PM GMT-04:00"
310,410,7980,160271875,363631500,38.82573854,-77.09030568,2868,0,-1,-1,-1,50,"Tuesday, July 10, 2012 4:45:00 PM","Tuesday, July 10, 2012 12:45:00 PM GMT-04:00"
310,410,7980,194277672,363631500,38.82663989,-77.09075486,3473,0,-1,-1,-1,50,"Tuesday, July 10, 2012 4:45:00 PM","Tuesday, July 10, 2012 12:45:00 PM GMT-04:00"
310,410,7980,193940111,363631500,38.82486087,-77.08227974,5709,0,-1,-1,-1,70,"Tuesday, July 10, 2012 4:45:00 PM","Tuesday, July 10, 2012 12:45:00 PM GMT-04:00"
310,410,7980,160642189,363631500,38.83012354,-77.08883684,3396,0,-1,-1,-1,60,"Tuesday, July 10, 2012 4:45:00 PM","Tuesday, July 10, 2012 12:45:00 PM GMT-04:00"
310,410,7980,160526031,363631500,38.83050405,-77.08802193,5349,0,-1,-1,-1,70,"Tuesday, July 10, 2012 4:45:00 PM","Tuesday, July 10, 2012 12:45:00 PM GMT-04:00"
310,410,7980,194277871,363631500,38.82638239,-77.09101152,3567,0,-1,-1,-1,70,"Tuesday, July 10, 2012 4:45:00 PM","Tuesday, July 10, 2012 12:45:00 PM GMT-04:00"
310,410,7980,158205157,363631500,38.82573854,-77.09080767,2904,0,-1,-1,-1,50,"Tuesday, July 10, 2012 4:45:00 PM","Tuesday, July 10, 2012 12:45:00 PM GMT-04:00"
310,410,7980,158429904,363631500,38.82348519,-77.08820962,3644,0,-1,-1,-1,50,"Tuesday, July 10, 2012 4:45:00 PM","Tuesday, July 10, 2012 12:45:00 PM GMT-04:00"
310,410,7985,158494352,363631500,38.83080095,-77.08766615,1414,0,-1,-1,-1,70,"Tuesday, July 10, 2012 4:45:00 PM","Tuesday, July 10, 2012 12:45:00 PM GMT-04:00"
310,410,7980,193725109,363631500,38.83024531,-77.08940738,4351,0,-1,-1,-1,50,"Tuesday, July 10, 2012 4:45:00 PM","Tuesday, July 10, 2012 12:45:00 PM GMT-04:00"
310,410,10015,257,363631500,38.82540059,-77.08121025,10725,0,-1,-1,-1,60,"Tuesday, July 10, 2012 4:45:00 PM","Tuesday, July 10, 2012 12:45:00 PM GMT-04:00"
310,410,7980,193397558,363631500,38.82674008,-77.09145355,3241,0,-1,-1,-1,50,"Tuesday, July 10, 2012 4:45:00 PM","Tuesday, July 10, 2012 12:45:00 PM GMT-04:00"
310,410,7980,194252647,363631500,38.83088916,-77.08831655,1695,0,-1,-1,-1,50,"Tuesday, July 10, 2012 4:45:00 PM","Tuesday, July 10, 2012 12:45:00 PM GMT-04:00"
310,410,7980,159945701,363631500,38.82283443,-77.08643174,1702,0,-1,-1,-1,70,"Tuesday, July 10, 2012 4:45:00 PM","Tuesday, July 10, 2012 12:45:00 PM GMT-04:00"
310,410,7980,160425085,363631500,38.82728779,-77.09155493,5217,0,-1,-1,-1,70,"Tuesday, July 10, 2012 4:45:00 PM","Tuesday, July 10, 2012 12:45:00 PM GMT-04:00"
310,410,7980,158439151,363631500,38.82838958,-77.09133613,2930,0,-1,-1,-1,50,"Tuesday, July 10, 2012 4:45:00 PM","Tuesday, July 10, 2012 12:45:00 PM GMT-04:00"
310,410,7980,160420885,363631500,38.82294124,-77.08431178,3634,0,-1,-1,-1,60,"Tuesday, July 10, 2012 4:45:00 PM","Tuesday, July 10, 2012 12:45:00 PM GMT-04:00"
310,410,7985,158494349,363631500,38.83148634,-77.08713555,1414,0,-1,-1,-1,70,"Tuesday, July 10, 2012 4:45:00 PM","Tuesday, July 10, 2012 12:45:00 PM GMT-04:00"
310,410,7980,194064508,363631500,38.82473707,-77.09145355,3290,0,-1,-1,-1,50,"Tuesday, July 10, 2012 4:45:00 PM","Tuesday, July 10, 2012 12:45:00 PM GMT-04:00"
310,410,7980,194260499,363631500,38.82540476,-77.08036321,4159,0,-1,-1,-1,60,"Tuesday, July 10, 2012 4:45:00 PM","Tuesday, July 10, 2012 12:45:00 PM GMT-04:00"
310,410,7980,193407158,363631500,38.82235848,-77.08783531,4197,0,-1,-1,-1,50,"Tuesday, July 10, 2012 4:45:00 PM","Tuesday, July 10, 2012 12:45:00 PM GMT-04:00"
310,410,7980,159978174,363631500,38.83197867,-77.08584868,1514,0,-1,-1,-1,50,"Tuesday, July 10, 2012 4:45:00 PM","Tuesday, July 10, 2012 12:45:00 PM GMT-04:00"
310,410,7980,160050729,363631500,38.82630193,-77.09232693,3341,0,-1,-1,-1,50,"Tuesday, July 10, 2012 4:45:00 PM","Tuesday, July 10, 2012 12:45:00 PM GMT-04:00"
310,410,7980,194082540,363631500,38.82870507,-77.08003193,4899,0,-1,-1,-1,60,"Tuesday, July 10, 2012 4:45:00 PM","Tuesday, July 10, 2012 12:45:00 PM GMT-04:00"
310,410,7980,158355610,363631500,38.8253467,-77.09227806,3553,0,-1,-1,-1,50,"Tuesday, July 10, 2012 4:45:00 PM","Tuesday, July 10, 2012 12:45:00 PM GMT-04:00"
310,410,7980,158431657,363631500,38.8219434,-77.08541226,1414,0,-1,-1,-1,50,"Tuesday, July 10, 2012 4:45:00 PM","Tuesday, July 10, 2012 12:45:00 PM GMT-04:00"
310,410,7980,160097074,363631500,38.82258385,-77.08940738,2646,0,-1,-1,-1,50,"Tuesday, July 10, 2012 4:45:00 PM","Tuesday, July 10, 2012 12:45:00 PM GMT-04:00"
310,410,7980,193403314,363631500,38.82187563,-77.08574998,3271,0,-1,-1,-1,50,"Tuesday, July 10, 2012 4:45:00 PM","Tuesday, July 10, 2012 12:45:00 PM GMT-04:00"
310,410,7980,194250382,363631500,38.82573854,-77.09255146,3446,0,-1,-1,-1,60,"Tuesday, July 10, 2012 4:45:00 PM","Tuesday, July 10, 2012 12:45:00 PM GMT-04:00"
310,410,7980,193933779,363631500,38.82878601,-77.09272259,4085,0,-1,-1,-1,70,"Tuesday, July 10, 2012 4:45:00 PM","Tuesday, July 10, 2012 12:45:00 PM GMT-04:00"
310,410,7980,193430248,363631500,38.83249872,-77.08671241,2029,0,-1,-1,-1,50,"Tuesday, July 10, 2012 4:45:00 PM","Tuesday, July 10, 2012 12:45:00 PM GMT-04:00"
310,410,7980,158356373,363631500,38.83204805,-77.0889582,1487,0,-1,-1,-1,50,"Tuesday, July 10, 2012 4:45:00 PM","Tuesday, July 10, 2012 12:45:00 PM GMT-04:00"
310,410,7980,194235191,363631500,38.82168251,-77.08761072,3106,0,-1,-1,-1,50,"Tuesday, July 10, 2012 4:45:00 PM","Tuesday, July 10, 2012 12:45:00 PM GMT-04:00"
310,410,7980,160028058,363631500,38.8241111,-77.08009982,3858,0,-1,-1,-1,60,"Tuesday, July 10, 2012 4:45:00 PM","Tuesday, July 10, 2012 12:45:00 PM GMT-04:00"
310,410,7980,158378766,363631500,38.824171,-77.09227806,2262,0,-1,-1,-1,50,"Tuesday, July 10, 2012 4:45:00 PM","Tuesday, July 10, 2012 12:45:00 PM GMT-04:00"
310,410,7980,193929816,363631500,38.83048254,-77.08036905,4622,0,-1,-1,-1,60,"Tuesday, July 10, 2012 4:45:00 PM","Tuesday, July 10, 2012 12:45:00 PM GMT-04:00"
310,410,7980,159986871,363631500,38.83219826,-77.08910793,2971,0,-1,-1,-1,60,"Tuesday, July 10, 2012 4:45:00 PM","Tuesday, July 10, 2012 12:45:00 PM GMT-04:00"
310,410,7980,160292933,363631500,38.83249872,-77.08820962,1965,0,-1,-1,-1,50,"Tuesday, July 10, 2012 4:45:00 PM","Tuesday, July 10, 2012 12:45:00 PM GMT-04:00"
310,410,7980,194058199,363631500,38.82741904,-77.07883316,6226,0,-1,-1,-1,60,"Tuesday, July 10, 2012 4:45:00 PM","Tuesday, July 10, 2012 12:45:00 PM GMT-04:00"
310,410,7980,0,363631500,38.82964223,-77.09266412,3501,0,-1,-1,-1,70,"Tuesday, July 10, 2012 4:45:00 PM","Tuesday, July 10, 2012 12:45:00 PM GMT-04:00"
310,410,7980,194250375,363631500,38.82767003,-77.09344983,2933,0,-1,-1,-1,50,"Tuesday, July 10, 2012 4:45:00 PM","Tuesday, July 10, 2012 12:45:00 PM GMT-04:00"
310,410,7980,194301515,363631500,38.82718348,-77.09351837,3116,0,-1,-1,-1,70,"Tuesday, July 10, 2012 4:45:00 PM","Tuesday, July 10, 2012 12:45:00 PM GMT-04:00"
310,410,7980,160271872,363631500,38.82910364,-77.07907676,3341,0,-1,-1,-1,70,"Tuesday, July 10, 2012 4:45:00 PM","Tuesday, July 10, 2012 12:45:00 PM GMT-04:00"
310,410,7980,160445281,363631500,38.82826238,-77.09344983,2168,0,-1,-1,-1,60,"Tuesday, July 10, 2012 4:45:00 PM","Tuesday, July 10, 2012 12:45:00 PM GMT-04:00"
310,410,7980,160089035,363631500,38.82799196,-77.07857143,2846,0,-1,-1,-1,60,"Tuesday, July 10, 2012 4:45:00 PM","Tuesday, July 10, 2012 12:45:00 PM GMT-04:00"
310,410,7980,160381396,363631500,38.8216415,-77.08283334,2933,0,-1,-1,-1,50,"Tuesday, July 10, 2012 4:45:00 PM","Tuesday, July 10, 2012 12:45:00 PM GMT-04:00"
310,410,7980,194058205,363631500,38.82509475,-77.09344983,3065,0,-1,-1,-1,50,"Tuesday, July 10, 2012 4:45:00 PM","Tuesday, July 10, 2012 12:45:00 PM GMT-04:00"
310,410,7980,158520180,363631500,38.83294939,-77.0880599,1797,0,-1,-1,-1,60,"Tuesday, July 10, 2012 4:45:00 PM","Tuesday, July 10, 2012 12:45:00 PM GMT-04:00"
310,410,7980,160508403,363631500,38.82365852,-77.09275877,2867,0,-1,-1,-1,50,"Tuesday, July 10, 2012 4:45:00 PM","Tuesday, July 10, 2012 12:45:00 PM GMT-04:00"
310,410,7980,159994335,363631500,38.82930207,-77.09365874,7734,0,-1,-1,-1,60,"Tuesday, July 10, 2012 4:45:00 PM","Tuesday, July 10, 2012 12:45:00 PM GMT-04:00"
310,410,7980,193790874,363631500,38.82066845,-77.08671241,3857,0,-1,-1,-1,50,"Tuesday, July 10, 2012 4:45:00 PM","Tuesday, July 10, 2012 12:45:00 PM GMT-04:00"
310,410,7980,194306035,363631500,38.82221156,-77.09149694,3051,0,-1,-1,-1,60,"Tuesday, July 10, 2012 4:45:00 PM","Tuesday, July 10, 2012 12:45:00 PM GMT-04:00"
310,410,7980,194306037,363631500,38.82233011,-77.09186452,3371,0,-1,-1,-1,70,"Tuesday, July 10, 2012 4:45:00 PM","Tuesday, July 10, 2012 12:45:00 PM GMT-04:00"
310,410,7980,193950182,363631500,38.82914459,-77.07817429,5339,0,-1,-1,-1,70,"Tuesday, July 10, 2012 4:45:00 PM","Tuesday, July 10, 2012 12:45:00 PM GMT-04:00"
310,410,7980,160516513,363631500,38.83174759,-77.09195262,2893,0,-1,-1,-1,50,"Tuesday, July 10, 2012 4:45:00 PM","Tuesday, July 10, 2012 12:45:00 PM GMT-04:00"
310,410,7980,194400481,363631500,38.83065503,-77.09317761,2287,0,-1,-1,-1,60,"Tuesday, July 10, 2012 4:45:00 PM","Tuesday, July 10, 2012 12:45:00 PM GMT-04:00"
310,410,7980,193932315,363631500,38.83174759,-77.08016699,5139,0,-1,-1,-1,70,"Tuesday, July 10, 2012 4:45:00 PM","Tuesday, July 10, 2012 12:45:00 PM GMT-04:00"
310,410,7980,158502387,363631500,38.82078111,-77.08873367,2075,0,-1,-1,-1,60,"Tuesday, July 10, 2012 4:45:00 PM","Tuesday, July 10, 2012 12:45:00 PM GMT-04:00"
310,410,7980,158290145,363631500,38.82312941,-77.09297698,3527,0,-1,-1,-1,60,"Tuesday, July 10, 2012 4:45:00 PM","Tuesday, July 10, 2012 12:45:00 PM GMT-04:00"
310,410,7980,194277665,363631500,38.82123178,-77.09030568,3159,0,-1,-1,-1,50,"Tuesday, July 10, 2012 4:45:00 PM","Tuesday, July 10, 2012 12:45:00 PM GMT-04:00"
310,410,7980,159994332,363631500,38.82207959,-77.09184885,5021,0,-1,-1,-1,70,"Tuesday, July 10, 2012 4:45:00 PM","Tuesday, July 10, 2012 12:45:00 PM GMT-04:00"
310,410,7980,158224583,363631500,38.82781863,-77.07755655,3212,0,-1,-1,-1,50,"Tuesday, July 10, 2012 4:45:00 PM","Tuesday, July 10, 2012 12:45:00 PM GMT-04:00"
310,410,7980,193978346,363631500,38.83380329,-77.08564865,4024,0,-1,-1,-1,60,"Tuesday, July 10, 2012 4:45:00 PM","Tuesday, July 10, 2012 12:45:00 PM GMT-04:00"
310,410,7980,160498768,363631500,38.82445091,-77.07805013,5717,0,-1,-1,-1,60,"Tuesday, July 10, 2012 4:45:00 PM","Tuesday, July 10, 2012 12:45:00 PM GMT-04:00"
310,410,7980,160328038,363631500,38.82058799,-77.08318334,1450,0,-1,-1,-1,50,"Tuesday, July 10, 2012 4:45:00 PM","Tuesday, July 10, 2012 12:45:00 PM GMT-04:00"
310,410,7017,28301,363631500,38.83394575,-77.08578687,1414,0,-1,-1,-1,70,"Tuesday, July 10, 2012 4:45:00 PM","Tuesday, July 10, 2012 12:45:00 PM GMT-04:00"
310,410,7980,158410991,363631500,38.82387369,-77.07827138,2227,0,-1,-1,-1,60,"Tuesday, July 10, 2012 4:45:00 PM","Tuesday, July 10, 2012 12:45:00 PM GMT-04:00"
310,410,7980,-1,363631500,38.83013325,-77.09977865,148990,0,-1,-1,-1,50,"Tuesday, July 10, 2012 4:45:00 PM","Tuesday, July 10, 2012 12:45:00 PM GMT-04:00"
310,410,7017,-1,363631500,38.85022729,-77.07509326,148990,0,-1,-1,-1,50,"Tuesday, July 10, 2012 4:45:00 PM","Tuesday, July 10, 2012 12:45:00 PM GMT-04:00"
310,410,10015,-1,363631500,38.81403464,-77.13791477,148990,0,-1,-1,-1,50,"Tuesday, July 10, 2012 4:45:00 PM","Tuesday, July 10, 2012 12:45:00 PM GMT-04:00"
310,410,7985,-1,363631500,38.87940281,-77.10619735,148990,0,-1,-1,-1,50,"Tuesday, July 10, 2012 4:45:00 PM","Tuesday, July 10, 2012 12:45:00 PM GMT-04:00"
310,410,7982,-1,363631500,38.79251641,-77.04592895,148990,0,-1,-1,-1,50,"Tuesday, July 10, 2012 4:45:00 PM","Tuesday, July 10, 2012 12:45:00 PM GMT-04:00"
310,410,10016,-1,363631500,38.82134687,-77.02493441,148990,0,-1,-1,-1,50,"Tuesday, July 10, 2012 4:45:00 PM","Tuesday, July 10, 2012 12:45:00 PM GMT-04:00"
310,410,10019,-1,363631500,38.89484888,-77.10822451,148990,0,-1,-1,-1,50,"Tuesday, July 10, 2012 4:45:00 PM","Tuesday, July 10, 2012 12:45:00 PM GMT-04:00"
310,410,7981,-1,363631500,38.88092178,-77.0425387,148990,0,-1,-1,-1,50,"Tuesday, July 10, 2012 4:45:00 PM","Tuesday, July 10, 2012 12:45:00 PM GMT-04:00"
310,410,7993,-1,363631500,38.78245943,-77.16456192,148990,0,-1,-1,-1,50,"Tuesday, July 10, 2012 4:45:00 PM","Tuesday, July 10, 2012 12:45:00 PM GMT-04:00"
310,410,7971,-1,363631500,38.89869797,-77.05579012,148990,0,-1,-1,-1,50,"Tuesday, July 10, 2012 4:45:00 PM","Tuesday, July 10, 2012 12:45:00 PM GMT-04:00"
310,410,10020,-1,363631500,38.8962813,-77.04181337,148990,0,-1,-1,-1,50,"Tuesday, July 10, 2012 4:45:00 PM","Tuesday, July 10, 2012 12:45:00 PM GMT-04:00"
310,410,7037,-1,363631500,38.90712875,-77.05347716,148990,0,-1,-1,-1,50,"Tuesday, July 10, 2012 4:45:00 PM","Tuesday, July 10, 2012 12:45:00 PM GMT-04:00"
310,410,7997,-1,363631500,38.89921647,-77.03390353,148990,0,-1,-1,-1,50,"Tuesday, July 10, 2012 4:45:00 PM","Tuesday, July 10, 2012 12:45:00 PM GMT-04:00"
310,410,7016,-1,363631500,38.84822881,-77.20781517,148990,0,-1,-1,-1,50,"Tuesday, July 10, 2012 4:45:00 PM","Tuesday, July 10, 2012 12:45:00 PM GMT-04:00"
310,410,7994,-1,363631500,38.86264371,-77.20756644,148990,0,-1,-1,-1,50,"Tuesday, July 10, 2012 4:45:00 PM","Tuesday, July 10, 2012 12:45:00 PM GMT-04:00"
310,410,7999,-1,363631500,38.89753884,-77.01965939,148990,0,-1,-1,-1,50,"Tuesday, July 10, 2012 4:45:00 PM","Tuesday, July 10, 2012 12:45:00 PM GMT-04:00"
310,410,10004,-1,363631500,38.74934631,-77.15951395,148990,0,-1,-1,-1,50,"Tuesday, July 10, 2012 4:45:00 PM","Tuesday, July 10, 2012 12:45:00 PM GMT-04:00"
310,410,7984,-1,363631500,38.91248232,-77.04351663,148990,0,-1,-1,-1,50,"Tuesday, July 10, 2012 4:45:00 PM","Tuesday, July 10, 2012 12:45:00 PM GMT-04:00"
310,410,10982,-1,363631500,38.90853184,-77.01822251,148990,0,-1,-1,-1,50,"Tuesday, July 10, 2012 4:45:00 PM","Tuesday, July 10, 2012 12:45:00 PM GMT-04:00"
310,410,7988,-1,363631500,38.93323844,-77.09338253,148990,0,-1,-1,-1,50,"Tuesday, July 10, 2012 4:45:00 PM","Tuesday, July 10, 2012 12:45:00 PM GMT-04:00"
310,410,7018,-1,363631500,38.90048003,-76.99235898,148990,0,-1,-1,-1,50,"Tuesday, July 10, 2012 4:45:00 PM","Tuesday, July 10, 2012 12:45:00 PM GMT-04:00"
